parent_id,parent_name,length_meters,dip_degrees_min,dip_degrees_max,dip_degrees_mean,upper_depth_km_min,upper_depth_km_max,upper_depth_km_mean,lower_depth_km_min,lower_depth_km_max,lower_depth_km_mean
1,Airport Lake,47528.196,50.0,50.0,50.0,0.0,0.0,0.0,13.0,13.0,13.0
2,Almanor,34770.897,90.0,90.0,90.0,0.0,0.0,0.0,10.0,10.0,10.0
3,Anacapa - Dume [1],50707.002,45.0,45.0,45.0,0.0,0.0,0.0,15.5,15.5,15.5
5,Anaheim,15722.856,71.0,71.0,71.0,3.8,3.8,3.8,14.2,14.2,14.2
6,Ash Hill,49479.012,90.0,90.0,90.0,0.0,0.0,0.0,13.0,13.0,13.0
7,Baker,87939.995,90.0,90.0,90.0,0.0,0.0,0.0,13.0,13.0,13.0
8,Bartlett Springs,164471.878,90.0,90.0,90.0,0.0,0.0,0.0,14.5,14.5,14.5
9,Battle Creek,69159.067,74.0,74.0,74.0,0.0,0.0,0.0,19.7,19.7,19.7
10,Bear River,58990.557,60.0,60.0,60.0,0.0,0.0,0.0,10.0,10.0,10.0
11,Bennett Valley,33278.124,90.0,90.0,90.0,0.0,0.0,0.0,10.0,10.0,10.0
12,Bicycle Lake,20014.467,90.0,90.0,90.0,0.0,0.0,0.0,12.3,12.3,12.3
13,Big Lagoon - Bald Mountain,197591.997,35.0,35.0,35.0,0.0,0.0,0.0,13.0,13.0,13.0
14,Big Pine (center),22749.959,76.0,76.0,76.0,0.0,0.0,0.0,6.6,6.6,6.6
15,Big Pine (east),23428.94,73.0,73.0,73.0,0.0,0.0,0.0,14.3,14.3,14.3
16,Big Pine (west),17982.826,50.0,50.0,50.0,0.0,0.0,0.0,11.0,11.0,11.0
17,Blackwater,63421.237,90.0,90.0,90.0,0.0,0.0,0.0,12.1,12.1,12.1
18,Blue Cut,78910.19,90.0,90.0,90.0,0.0,0.0,0.0,13.1,13.1,13.1
19,Brawley [1],60073.564,90.0,90.0,90.0,0.0,0.0,0.0,13.2,13.2,13.2
21,Breckenridge,10998.224,60.0,60.0,60.0,0.0,0.0,0.0,14.6,14.6,14.6
22,Bullion Mountains,37988.551,90.0,90.0,90.0,0.0,0.0,0.0,13.0,13.0,13.0
23,Burnt Mountain,21231.505,67.0,67.0,67.0,0.0,0.0,0.0,15.9,15.9,15.9
24,Butano,46028.719,70.0,70.0,70.0,0.0,0.0,0.0,12.0,12.0,12.0
25,Cady,31745.527,90.0,90.0,90.0,0.0,0.0,0.0,13.9,13.9,13.9
26,Calico - Hidalgo,118339.176,90.0,90.0,90.0,0.0,0.0,0.0,13.9,13.9,13.9
27,Camp Rock,45235.178,90.0,90.0,90.0,0.0,0.0,0.0,15.1,15.1,15.1
28,Canada David,37198.181,37.0,37.0,37.0,0.0,0.0,0.0,15.3,15.3,15.3
29,Carlsbad,32744.847,37.0,37.0,37.0,1.6,1.6,1.6,7.3,7.3,7.3
30,Casmalia,47800.278,75.0,75.0,75.0,0.0,0.0,0.0,12.0,12.0,12.0
31,Cedar Mountain - Mahogany Mountain,78233.329,60.0,60.0,60.0,0.0,0.0,0.0,9.5,9.5,9.5
32,Cerro Prieto,84482.926,90.0,90.0,90.0,0.0,0.0,0.0,14.3,14.3,14.3
33,Channel Islands,58949.534,20.0,20.0,20.0,5.0,5.0,5.0,12.3,12.3,12.3
34,Channel Islands (ramp),61926.263,21.0,21.0,21.0,4.8,4.8,4.8,12.5,12.5,12.5
35,Chino [1],24392.878,50.0,50.0,50.0,0.0,0.0,0.0,9.0,9.0,9.0
37,Clamshell - Sawpit,16009.013,50.0,50.0,50.0,0.0,0.0,0.0,14.0,14.0,14.0
38,Clayton,16482.659,90.0,90.0,90.0,0.0,0.0,0.0,16.0,16.0,16.0
39,Cleghorn,25746.514,90.0,90.0,90.0,0.0,0.0,0.0,15.5,15.5,15.5
40,Cleghorn Lake,28736.16,90.0,90.0,90.0,0.0,0.0,0.0,13.0,13.0,13.0
41,Cleghorn Pass,20197.122,90.0,90.0,90.0,0.0,0.0,0.0,13.0,13.0,13.0
42,Collayomi,34840.589,90.0,90.0,90.0,0.0,0.0,0.0,10.0,10.0,10.0
43,Compton,64719.612,20.0,20.0,20.0,5.2,5.2,5.2,15.6,15.6,15.6
44,Concord,18307.818,90.0,90.0,90.0,0.0,0.0,0.0,15.0,15.0,15.0
47,Contra Costa (Lafayette),8508.647,90.0,90.0,90.0,0.0,0.0,0.0,14.6,14.6,14.6
54,Contra Costa (connected) [1],30168.982,81.0,81.0,81.0,0.0,0.0,0.0,12.9,12.9,12.9
55,Coronado Bank [1],129301.444,90.0,90.0,90.0,0.0,0.0,0.0,8.6,8.6,8.6
57,Coyote Canyon,37030.409,90.0,90.0,90.0,0.0,0.0,0.0,12.3,12.3,12.3
58,Coyote Lake,52043.157,90.0,90.0,90.0,0.0,0.0,0.0,13.4,13.4,13.4
59,Cucamonga,29048.791,45.0,45.0,45.0,0.0,0.0,0.0,13.0,13.0,13.0
60,Cuyama (south),82500.094,33.0,33.0,33.0,0.0,0.0,0.0,13.9,13.9,13.9
61,Davis Creek,30233.466,50.0,50.0,50.0,0.0,0.0,0.0,8.5,8.5,8.5
62,Death Valley (Black Mountains),77796.9,60.0,60.0,60.0,0.0,0.0,0.0,13.0,13.0,13.0
63,Death Valley (Fish Lake Valley),76999.247,90.0,90.0,90.0,0.0,0.0,0.0,13.0,13.0,13.0
64,Death Valley (north),109065.563,90.0,90.0,90.0,0.0,0.0,0.0,13.0,13.0,13.0
65,Death Valley (south),41982.153,90.0,90.0,90.0,0.0,0.0,0.0,13.0,13.0,13.0
66,Deep Springs,25474.339,50.0,50.0,50.0,0.0,0.0,0.0,13.0,13.0,13.0
67,Del Valle,9133.627,73.0,73.0,73.0,0.0,0.0,0.0,18.8,18.8,18.8
68,Dog Valley,29893.913,90.0,90.0,90.0,0.0,0.0,0.0,15.0,15.0,15.0
69,Dry Mountain,30011.948,50.0,50.0,50.0,0.0,0.0,0.0,13.0,13.0,13.0
70,Earthquake Valley (center),20349.659,90.0,90.0,90.0,0.0,0.0,0.0,18.8,18.8,18.8
71,Earthquake Valley (north),33035.527,90.0,90.0,90.0,0.0,0.0,0.0,18.8,18.8,18.8
72,Earthquake Valley (south),9301.394,90.0,90.0,90.0,0.0,0.0,0.0,18.8,18.8,18.8
73,East Huasna,74135.765,90.0,90.0,90.0,0.0,0.0,0.0,15.0,15.0,15.0
74,Eaton Roughs,98226.238,90.0,90.0,90.0,0.0,0.0,0.0,15.0,15.0,15.0
75,Elmore Ranch,29032.15,90.0,90.0,90.0,0.0,0.0,0.0,11.4,11.4,11.4
76,Elysian Park (lower),41417.655,22.0,22.0,22.0,10.0,10.0,10.0,14.7,14.7,14.7
77,Elysian Park (upper),20098.976,50.0,50.0,50.0,3.0,3.0,3.0,15.0,15.0,15.0
78,Emerson - Copper Mountain,72427.036,90.0,90.0,90.0,0.0,0.0,0.0,14.1,14.1,14.1
79,Eureka Peak,18943.071,90.0,90.0,90.0,0.0,0.0,0.0,15.0,15.0,15.0
80,Fickle Hill [1],32233.686,35.0,35.0,35.0,0.0,0.0,0.0,13.0,13.0,13.0
81,Fish Slough,29678.286,60.0,60.0,60.0,0.0,0.0,0.0,16.0,16.0,16.0
82,Fitzhugh Creek,46022.062,50.0,50.0,50.0,0.0,0.0,0.0,8.5,8.5,8.5
83,Fontana (seismicity),23904.81,80.0,80.0,80.0,0.0,0.0,0.0,16.3,16.3,16.3
84,Franklin,38143.827,90.0,90.0,90.0,0.0,0.0,0.0,13.2,13.2,13.2
85,Garberville - Briceland,60187.206,90.0,90.0,90.0,0.0,0.0,0.0,24.8,24.8,24.8
86,Garlic Springs,13652.058,90.0,90.0,90.0,0.0,0.0,0.0,12.7,12.7,12.7
87,Gillem - Big Crack,35751.365,60.0,60.0,60.0,0.0,0.0,0.0,9.7,9.7,9.7
88,Goldstone Lake,34802.876,90.0,90.0,90.0,0.0,0.0,0.0,12.4,12.4,12.4
89,Gravel Hills - Harper Lake,65081.194,90.0,90.0,90.0,0.0,0.0,0.0,11.4,11.4,11.4
90,Great Valley 1,44054.695,15.0,15.0,15.0,7.0,7.0,7.0,9.6,9.6,9.6
91,Great Valley 10 (Panoche),21672.134,15.0,15.0,15.0,7.0,7.0,7.0,9.6,9.6,9.6
92,Great Valley 11,24467.443,15.0,15.0,15.0,7.0,7.0,7.0,9.6,9.6,9.6
93,Great Valley 12,17530.141,15.0,15.0,15.0,7.0,7.0,7.0,9.6,9.6,9.6
94,Great Valley 13 (Coalinga),31594.173,15.0,15.0,15.0,9.1,9.1,9.1,15.2,15.2,15.2
95,Great Valley 14 (Kettleman Hills),23957.349,22.0,22.0,22.0,8.1,8.1,8.1,22.5,22.5,22.5
96,Great Valley 2,22071.667,15.0,15.0,15.0,7.0,7.0,7.0,9.6,9.6,9.6
97,Great Valley 3 (Mysterious Ridge),51738.701,20.0,20.0,20.0,9.0,9.0,9.0,14.0,14.0,14.0
98,Great Valley 3a (Dunnigan Hills),27469.56,20.0,20.0,20.0,3.0,3.0,3.0,6.0,6.0,6.0
99,Great Valley 4a (Trout Creek),19288.533,20.0,20.0,20.0,9.0,9.0,9.0,14.0,14.0,14.0
100,Great Valley 4b (Gordon Valley),28665.598,20.0,20.0,20.0,9.0,9.0,9.0,14.0,14.0,14.0
101,Great Valley 5 (Pittsburg - Kirby Hills) [1],21192.246,55.0,55.0,55.0,0.0,0.0,0.0,10.8,10.8,10.8
103,Great Valley 6 (Midland) [1],69150.546,47.0,47.0,47.0,1.0,1.0,1.0,15.0,15.0,15.0
105,Great Valley 7 (Orestimba),65997.043,20.0,20.0,20.0,7.0,7.0,7.0,9.6,9.6,9.6
106,Great Valley 8 (Quinto),19468.187,25.0,25.0,25.0,0.0,0.0,0.0,6.0,6.0,6.0
107,Great Valley 9 (Laguna Seca),39134.511,25.0,25.0,25.0,7.0,7.0,7.0,9.6,9.6,9.6
108,Green Valley,43289.712,84.0,84.0,84.0,0.0,0.0,0.0,14.0,14.0,14.0
109,Greenville (north),50659.261,84.0,84.0,84.0,0.0,0.0,0.0,14.9,14.9,14.9
110,Greenville (south),29180.677,87.0,87.0,87.0,0.0,0.0,0.0,10.6,10.6,10.6
111,Hartley Springs,22535.704,50.0,50.0,50.0,0.0,0.0,0.0,14.0,14.0,14.0
112,Hat Creek - McArthur - Mayfield,106485.89,60.0,60.0,60.0,0.0,0.0,0.0,9.6,9.6,9.6
113,Hector Mine,27993.226,90.0,90.0,90.0,0.0,0.0,0.0,14.6,14.6,14.6
114,Helendale - Lockhart (south),114210.414,90.0,90.0,90.0,0.0,0.0,0.0,12.8,12.8,12.8
115,Hilton Creek,30617.211,50.0,50.0,50.0,0.0,0.0,0.0,14.8,14.8,14.8
116,Hollywood,18906.136,70.0,70.0,70.0,0.0,0.0,0.0,17.3,17.3,17.3
117,Holser [1],22991.895,58.0,58.0,58.0,0.0,0.0,0.0,18.6,18.6,18.6
119,Homestead Valley,45848.734,90.0,90.0,90.0,0.0,0.0,0.0,15.9,15.9,15.9
120,Honey Lake,69545.368,90.0,90.0,90.0,0.0,0.0,0.0,9.7,9.7,9.7
121,Hosgri,171833.078,80.0,80.0,80.0,0.0,0.0,0.0,12.2,12.2,12.2
122,Hosgri (extension),28803.72,80.0,80.0,80.0,0.0,0.0,0.0,7.5,7.5,7.5
123,Hunter Mountain - Saline Valley,77040.638,90.0,90.0,90.0,0.0,0.0,0.0,12.4,12.4,12.4
124,Hunting Creek - Bartlett Springs (connector),38233.556,90.0,90.0,90.0,0.0,0.0,0.0,12.0,12.0,12.0
125,Hunting Creek - Berryessa,44607.586,90.0,90.0,90.0,0.0,0.0,0.0,10.6,10.6,10.6
126,Imperial,62423.302,82.0,82.0,82.0,0.0,0.0,0.0,11.0,11.0,11.0
127,Independence,75401.323,50.0,50.0,50.0,0.0,0.0,0.0,14.6,14.6,14.6
128,Jess Valley,37475.383,50.0,50.0,50.0,0.0,0.0,0.0,12.0,12.0,12.0
129,Johnson Valley (north),52105.921,90.0,90.0,90.0,0.0,0.0,0.0,15.9,15.9,15.9
130,Joshua Tree (seismicity),17546.357,90.0,90.0,90.0,0.0,0.0,0.0,13.3,13.3,13.3
131,Keddie Ridge,30509.199,90.0,90.0,90.0,0.0,0.0,0.0,10.0,10.0,10.0
132,Kern Canyon (Lake Isabella),35597.38,60.0,60.0,60.0,0.0,0.0,0.0,14.6,14.6,14.6
133,Kern Canyon (north),52449.697,60.0,60.0,60.0,0.0,0.0,0.0,14.6,14.6,14.6
134,Kern Canyon (south),48478.297,60.0,60.0,60.0,0.0,0.0,0.0,14.6,14.6,14.6
135,Kickapoo,6261.849,90.0,90.0,90.0,0.0,0.0,0.0,15.1,15.1,15.1
136,King Range,42075.986,29.0,29.0,29.0,0.0,0.0,0.0,6.5,6.5,6.5
137,La Panza,71939.216,51.0,51.0,51.0,0.0,0.0,0.0,13.9,13.9,13.9
138,Laguna Salada,99475.298,90.0,90.0,90.0,0.0,0.0,0.0,13.3,13.3,13.3
139,Lake Isabella (seismicity),60749.653,90.0,90.0,90.0,0.0,0.0,0.0,15.2,15.2,15.2
140,Las Positas,14642.09,90.0,90.0,90.0,0.0,0.0,0.0,15.0,15.0,15.0
141,Last Chance,39084.167,50.0,50.0,50.0,0.0,0.0,0.0,15.0,15.0,15.0
142,Lenwood - Lockhart - Old Woman Springs,145170.939,90.0,90.0,90.0,0.0,0.0,0.0,13.2,13.2,13.2
143,Likely,91226.872,90.0,90.0,90.0,0.0,0.0,0.0,9.4,9.4,9.4
144,Lions Head,64996.528,75.0,75.0,75.0,0.0,0.0,0.0,12.0,12.0,12.0
145,Little Lake,43875.869,90.0,90.0,90.0,0.0,0.0,0.0,13.0,13.0,13.0
146,Little Salmon (offshore),45512.271,30.0,30.0,30.0,0.0,0.0,0.0,13.0,13.0,13.0
147,Little Salmon (onshore),34346.856,30.0,30.0,30.0,0.0,0.0,0.0,13.0,13.0,13.0
148,Los Alamos,26788.506,30.0,30.0,30.0,0.0,0.0,0.0,12.0,12.0,12.0
149,Los Alamos (extension),22187.875,30.0,30.0,30.0,0.0,0.0,0.0,12.0,12.0,12.0
150,Los Medanos - Roe Island,20917.987,39.0,39.0,39.0,0.0,0.0,0.0,14.0,14.0,14.0
151,Los Osos,57695.418,45.0,45.0,45.0,0.0,0.0,0.0,12.0,12.0,12.0
152,Lost Hills,32662.068,29.0,29.0,29.0,4.2,4.2,4.2,12.0,12.0,12.0
153,Ludlow,71627.381,90.0,90.0,90.0,0.0,0.0,0.0,11.1,11.1,11.1
154,"Lytle Creek (San Jacinto, connector)",23058.843,90.0,90.0,90.0,0.0,0.0,0.0,16.1,16.1,16.1
155,Maacama,175363.18,63.0,63.0,63.0,0.0,0.0,0.0,10.9,10.9,10.9
157,Mad River [1],41723.077,35.0,35.0,35.0,0.0,0.0,0.0,13.0,13.0,13.0
158,Malibu Coast (extension) [1],34442.233,74.0,74.0,74.0,0.0,0.0,0.0,7.8,7.8,7.8
160,Malibu Coast [1],37610.759,75.0,75.0,75.0,0.0,0.0,0.0,7.8,7.8,7.8
162,Manix - Afton Hills,58610.584,90.0,90.0,90.0,0.0,0.0,0.0,13.2,13.2,13.2
163,McKinleyville [1],47446.012,35.0,35.0,35.0,0.0,0.0,0.0,13.0,13.0,13.0
164,McLean Lake,53043.556,90.0,90.0,90.0,0.0,0.0,0.0,11.1,11.1,11.1
165,Mendocino,177322.031,90.0,90.0,90.0,0.0,0.0,0.0,10.0,10.0,10.0
166,"Mill Creek (San Andreas, north branch)",105661.847,76.0,76.0,76.0,0.0,0.0,0.0,18.2,18.2,18.2
167,Mission (connected),28066.769,90.0,90.0,90.0,0.0,0.0,0.0,5.1,5.1,5.1
168,Mission Creek,31242.676,65.0,65.0,65.0,0.0,0.0,0.0,17.7,17.7,17.7
169,Mission Hills,13039.227,55.0,55.0,55.0,0.0,0.0,0.0,14.5,14.5,14.5
170,Mission Ridge - Arroyo Parida - Santa Ana,68531.31,70.0,70.0,70.0,0.0,0.0,0.0,7.6,7.6,7.6
171,Mohawk Valley,64767.726,90.0,90.0,90.0,0.0,0.0,0.0,14.7,14.7,14.7
172,Mono Lake,19570.288,50.0,50.0,50.0,0.0,0.0,0.0,13.8,13.8,13.8
173,Monte Vista - Shannon,59869.956,61.0,61.0,61.0,0.0,0.0,0.0,14.2,14.2,14.2
174,Monterey Bay - Tularcitos,85912.69,90.0,90.0,90.0,0.0,0.0,0.0,14.0,14.0,14.0
175,Morales (east),17702.258,32.0,32.0,32.0,0.0,0.0,0.0,8.6,8.6,8.6
176,Morales (west),28252.211,32.0,32.0,32.0,0.0,0.0,0.0,8.6,8.6,8.6
177,Mount Diablo (north) [1],18832.214,40.0,40.0,40.0,1.0,1.0,1.0,13.5,13.5,13.5
178,Mount Diablo (south) [1],11287.839,40.0,40.0,40.0,1.0,1.0,1.0,13.5,13.5,13.5
180,Nelson Lake,50954.753,90.0,90.0,90.0,0.0,0.0,0.0,11.7,11.7,11.7
181,Newport - Inglewood (offshore),66481.732,90.0,90.0,90.0,0.0,0.0,0.0,10.2,10.2,10.2
182,Newport - Inglewood [1],65409.784,88.0,88.0,88.0,0.0,0.0,0.0,15.0,15.0,15.0
185,North Frontal (east),28199.126,41.0,41.0,41.0,0.0,0.0,0.0,16.6,16.6,16.6
186,North Frontal (west),48690.679,49.0,49.0,49.0,0.0,0.0,0.0,15.7,15.7,15.7
187,North Salt Lake,3303.69,54.0,54.0,54.0,0.5,0.5,0.5,16.7,16.7,16.7
188,North Tahoe,25722.156,50.0,50.0,50.0,0.0,0.0,0.0,13.0,13.0,13.0
189,Northridge,33233.673,35.0,35.0,35.0,7.4,7.4,7.4,16.8,16.8,16.8
190,Northridge Hills,24842.838,31.0,31.0,31.0,0.0,0.0,0.0,14.9,14.9,14.9
193,Oak Ridge (onshore),49599.57,65.0,65.0,65.0,1.0,1.0,1.0,19.4,19.4,19.4
194,Oceanic - West Huasna,121888.469,58.0,58.0,58.0,0.0,0.0,0.0,7.0,7.0,7.0
195,Oceanside [1],65268.378,23.0,23.0,23.0,1.0,1.0,1.0,8.3,8.3,8.3
197,Ortigalita (north),39994.485,90.0,90.0,90.0,0.0,0.0,0.0,11.0,11.0,11.0
198,Ortigalita (south),62457.365,90.0,90.0,90.0,0.0,0.0,0.0,11.0,11.0,11.0
199,Owens Valley,108878.115,90.0,90.0,90.0,0.0,0.0,0.0,13.5,13.5,13.5
200,Owens Valley (Keough Hot Springs),17301.077,50.0,50.0,50.0,0.0,0.0,0.0,13.0,13.0,13.0
201,Owl Lake,25145.511,90.0,90.0,90.0,0.0,0.0,0.0,12.0,12.0,12.0
202,Ozena,41413.873,33.0,33.0,33.0,0.0,0.0,0.0,13.9,13.9,13.9
203,Palos Verdes,107242.38,90.0,90.0,90.0,0.0,0.0,0.0,13.6,13.6,13.6
204,Panamint Valley,110032.551,90.0,90.0,90.0,0.0,0.0,0.0,13.0,13.0,13.0
205,Paradise,55208.425,90.0,90.0,90.0,0.0,0.0,0.0,13.4,13.4,13.4
206,Peralta Hills,13810.728,50.0,50.0,50.0,0.3,0.3,0.3,14.0,14.0,14.0
207,Pilarcitos,50941.904,81.0,81.0,81.0,0.0,0.0,0.0,9.5,9.5,9.5
208,Pine Mountain,61343.161,45.0,45.0,45.0,0.0,0.0,0.0,16.3,16.3,16.3
209,Pinto Mountain,82843.773,90.0,90.0,90.0,0.0,0.0,0.0,15.5,15.5,15.5
210,Pisgah - Bullion Mountain - Mesquite Lake,90967.219,90.0,90.0,90.0,0.0,0.0,0.0,13.1,13.1,13.1
211,"Pitas Point (lower, Montalvo) [1]",30097.555,16.0,16.0,16.0,0.4,0.4,0.4,12.7,12.7,12.7
212,"Pitas Point (lower, west) [1]",34632.146,13.0,13.0,13.0,1.5,1.5,1.5,8.8,8.8,8.8
214,Pittville,37377.097,60.0,60.0,60.0,0.0,0.0,0.0,8.9,8.9,8.9
215,Pleito,43454.008,46.0,46.0,46.0,0.0,0.0,0.0,13.6,13.6,13.6
216,Point Reyes,62616.859,53.0,53.0,53.0,0.0,0.0,0.0,9.0,9.0,9.0
217,Point Reyes (connector),34259.789,53.0,53.0,53.0,0.0,0.0,0.0,9.0,9.0,9.0
218,Polaris,28603.343,81.0,81.0,81.0,0.0,0.0,0.0,15.0,15.0,15.0
222,Puente Hills [1],44030.657,25.0,25.0,25.0,5.0,5.0,5.0,13.0,13.0,13.0
223,Quien Sabe,25314.325,85.0,85.0,85.0,0.0,0.0,0.0,10.1,10.1,10.1
224,Raymond,22394.774,79.0,79.0,79.0,0.0,0.0,0.0,15.6,15.6,15.6
225,Red Mountain,100051.053,56.0,56.0,56.0,0.0,0.0,0.0,14.1,14.1,14.1
226,Red Pass,25563.629,90.0,90.0,90.0,0.0,0.0,0.0,11.7,11.7,11.7
227,Redondo Canyon [1],12617.388,90.0,90.0,90.0,0.0,0.0,0.0,13.3,13.3,13.3
229,Reliz,127403.277,58.0,58.0,58.0,0.0,0.0,0.0,10.9,10.9,10.9
230,Richfield,6209.986,28.0,28.0,28.0,2.5,2.5,2.5,12.9,12.9,12.9
231,Rinconada,123070.036,82.0,82.0,82.0,0.0,0.0,0.0,8.5,8.5,8.5
232,Robinson Creek,16756.245,50.0,50.0,50.0,0.0,0.0,0.0,13.0,13.0,13.0
233,Rocky Ledge,15790.971,60.0,60.0,60.0,0.0,0.0,0.0,9.0,9.0,9.0
234,Rose Canyon,75324.675,90.0,90.0,90.0,0.0,0.0,0.0,7.7,7.7,7.7
235,Round Valley,43475.066,50.0,50.0,50.0,0.0,0.0,0.0,13.0,13.0,13.0
236,Russ,85079.132,71.0,71.0,71.0,0.0,0.0,0.0,20.0,20.0,20.0
237,San Cayetano,41921.321,42.0,42.0,42.0,0.0,0.0,0.0,16.0,16.0,16.0
238,San Clemente,199051.45,88.0,88.0,88.0,0.0,0.0,0.0,9.0,9.0,9.0
239,San Diego Trough (north) [1],140685.868,90.0,90.0,90.0,0.0,0.0,0.0,8.3,8.3,8.3
241,San Diego Trough (south),156103.783,90.0,90.0,90.0,0.0,0.0,0.0,8.3,8.3,8.3
242,San Gabriel,71291.813,61.0,61.0,61.0,0.0,0.0,0.0,14.7,14.7,14.7
243,San Gabriel (extension),62219.402,61.0,61.0,61.0,0.0,0.0,0.0,14.7,14.7,14.7
244,San Gorgonio Pass,28713.436,60.0,60.0,60.0,0.0,0.0,0.0,18.5,18.5,18.5
245,San Gregorio (north),130017.589,90.0,90.0,90.0,0.0,0.0,0.0,11.6,11.6,11.6
246,San Gregorio (south),90302.698,75.0,75.0,75.0,0.0,0.0,0.0,11.6,11.6,11.6
247,San Joaquin Hills,27373.741,23.0,23.0,23.0,2.0,2.0,2.0,12.4,12.4,12.4
248,San Jose,19589.81,74.0,74.0,74.0,0.0,0.0,0.0,15.8,15.8,15.8
249,San Juan,82415.736,90.0,90.0,90.0,0.0,0.0,0.0,13.0,13.0,13.0
251,San Luis Range (Oceano) [1],21022.016,45.0,45.0,45.0,0.0,0.0,0.0,12.0,12.0,12.0
252,San Luis Range (Pecho),25582.913,90.0,90.0,90.0,0.0,0.0,0.0,12.0,12.0,12.0
254,San Luis Range [1],78807.686,52.0,52.0,52.0,0.0,0.0,0.0,12.0,12.0,12.0
255,San Pedro Basin,68643.046,88.0,88.0,88.0,0.8,0.8,0.8,12.3,12.3,12.3
256,San Pedro Escarpment,26509.166,17.0,17.0,17.0,1.0,1.0,1.0,16.0,16.0,16.0
257,San Vicente,8802.09,66.0,66.0,66.0,1.6,1.6,1.6,17.0,17.0,17.0
258,Santa Cruz - Catalina Ridge [1],113641.85,90.0,90.0,90.0,0.0,0.0,0.0,11.0,11.0,11.0
260,Santa Cruz Island,68815.739,90.0,90.0,90.0,0.0,0.0,0.0,13.3,13.3,13.3
261,Santa Monica Bay,16918.334,20.0,20.0,20.0,2.3,2.3,2.3,18.0,18.0,18.0
262,Santa Monica [1],14386.657,75.0,75.0,75.0,0.0,0.0,0.0,17.9,17.9,17.9
264,Santa Rosa Island,57304.808,90.0,90.0,90.0,0.0,0.0,0.0,8.7,8.7,8.7
265,"Santa Susana (east, connector)",8327.699,55.0,55.0,55.0,0.0,0.0,0.0,16.3,16.3,16.3
266,Santa Susana [1],27084.187,55.0,55.0,55.0,0.0,0.0,0.0,16.3,16.3,16.3
268,Santa Ynez (east),68038.895,70.0,70.0,70.0,0.0,0.0,0.0,13.3,13.3,13.3
269,Santa Ynez (west),79214.03,70.0,70.0,70.0,0.0,0.0,0.0,9.2,9.2,9.2
270,Santa Ynez River,72438.394,70.0,70.0,70.0,0.0,0.0,0.0,12.0,12.0,12.0
271,Sargent,56748.67,90.0,90.0,90.0,0.0,0.0,0.0,12.0,12.0,12.0
272,Scodie Lineament (seismicity),14095.25,68.0,68.0,68.0,7.0,7.0,7.0,12.9,12.9,12.9
273,Sheephole,15143.362,90.0,90.0,90.0,0.0,0.0,0.0,13.0,13.0,13.0
274,Shoreline,22529.908,90.0,90.0,90.0,0.0,0.0,0.0,12.0,12.0,12.0
275,Sierra Madre,56765.163,53.0,53.0,53.0,0.0,0.0,0.0,14.2,14.2,14.2
276,Sierra Madre (San Fernando),19271.558,45.0,45.0,45.0,0.0,0.0,0.0,13.0,13.0,13.0
277,Sierra Nevada (north),34019.65,50.0,50.0,50.0,0.0,0.0,0.0,13.8,13.8,13.8
278,Sierra Nevada (south),113084.736,50.0,50.0,50.0,0.0,0.0,0.0,13.6,13.6,13.6
279,Silver Creek,48418.225,75.0,75.0,75.0,0.0,0.0,0.0,11.1,11.1,11.1
280,Simi - Santa Rosa,39002.554,60.0,60.0,60.0,1.0,1.0,1.0,12.1,12.1,12.1
281,Sisar,19805.18,29.0,29.0,29.0,0.0,0.0,0.0,17.4,17.4,17.4
282,Skinner Flat,12181.408,90.0,90.0,90.0,0.0,0.0,0.0,10.0,10.0,10.0
283,Superstition Hills,36177.765,90.0,90.0,90.0,0.0,0.0,0.0,12.6,12.6,12.6
284,Surprise Valley,87357.441,50.0,50.0,50.0,0.0,0.0,0.0,8.5,8.5,8.5
285,Swain Ravine - Spenceville,103706.768,60.0,60.0,60.0,0.0,0.0,0.0,12.0,12.0,12.0
286,Table Bluff,48747.626,45.0,45.0,45.0,0.0,0.0,0.0,13.0,13.0,13.0
287,Tank Canyon,35257.288,50.0,50.0,50.0,0.0,0.0,0.0,8.3,8.3,8.3
288,Thirty Mile Bank,82258.057,24.0,24.0,24.0,0.3,0.3,0.3,9.6,9.6,9.6
289,Tin Mountain,36955.493,50.0,50.0,50.0,0.0,0.0,0.0,13.0,13.0,13.0
290,Towne Pass,47083.984,50.0,50.0,50.0,0.0,0.0,0.0,13.0,13.0,13.0
291,Trinidad [1],88729.088,35.0,35.0,35.0,0.0,0.0,0.0,13.0,13.0,13.0
292,Ventura - Pitas Point,59226.406,64.0,64.0,64.0,1.0,1.0,1.0,15.0,15.0,15.0
293,Verdugo,31553.981,55.0,55.0,55.0,0.0,0.0,0.0,14.5,14.5,14.5
294,Walker Spring,30747.397,90.0,90.0,90.0,0.0,0.0,0.0,10.0,10.0,10.0
295,West Napa,43841.406,75.0,75.0,75.0,0.0,0.0,0.0,13.2,13.2,13.2
296,West Tahoe,59330.337,50.0,50.0,50.0,0.0,0.0,0.0,13.0,13.0,13.0
297,White Mountains,111425.7,90.0,90.0,90.0,0.0,0.0,0.0,13.0,13.0,13.0
298,White Wolf,63327.359,75.0,75.0,75.0,0.0,0.0,0.0,14.6,14.6,14.6
299,White Wolf (extension),45931.652,75.0,75.0,75.0,0.0,0.0,0.0,14.6,14.6,14.6
300,Whittier [1],46099.829,70.0,70.0,70.0,0.0,0.0,0.0,12.4,12.4,12.4
302,Wight Way,17654.348,69.0,69.0,69.0,0.0,0.0,0.0,15.9,15.9,15.9
303,Yorba Linda,17531.75,90.0,90.0,90.0,0.0,0.0,0.0,13.3,13.3,13.3
304,Zayante - Vergeles [1],90209.786,30.0,30.0,30.0,0.0,0.0,0.0,11.8,11.8,11.8
700,San Andreas (Coachella),69444.467,90.0,90.0,90.0,0.0,0.0,0.0,11.1,11.1,11.1
701,San Andreas (San Gorgonio Pass - Garnet Hill),55691.75,58.0,58.0,58.0,0.0,0.0,0.0,12.8,12.8,12.8
702,"San Andreas (San Bernardino, south)",43315.513,90.0,90.0,90.0,0.0,0.0,0.0,12.8,12.8,12.8
703,"San Andreas (San Bernardino, north)",35245.041,90.0,90.0,90.0,0.0,0.0,0.0,12.8,12.8,12.8
704,"San Andreas (Mojave, south)",97351.809,90.0,90.0,90.0,0.0,0.0,0.0,13.1,13.1,13.1
705,"San Andreas (Mojave, north)",36704.231,90.0,90.0,90.0,0.0,0.0,0.0,15.1,15.1,15.1
706,San Andreas (Big Bend),49537.858,90.0,90.0,90.0,0.0,0.0,0.0,15.1,15.1,15.1
707,San Andreas (Carrizo),59060.062,90.0,90.0,90.0,0.0,0.0,0.0,15.1,15.1,15.1
708,San Andreas (Cholame),62653.931,90.0,90.0,90.0,0.0,0.0,0.0,12.0,12.0,12.0
709,San Andreas (Parkfield),36505.069,90.0,90.0,90.0,0.0,0.0,0.0,10.2,10.2,10.2
710,San Andreas (Creeping),121420.551,90.0,90.0,90.0,0.0,0.0,0.0,12.0,12.0,12.0
711,San Andreas (Santa Cruz Mountains),62481.034,79.0,79.0,79.0,0.0,0.0,0.0,15.0,15.0,15.0
712,San Andreas (Peninsula),99933.673,90.0,90.0,90.0,0.0,0.0,0.0,13.0,13.0,13.0
713,San Andreas (North Coast),171193.372,90.0,90.0,90.0,0.0,0.0,0.0,11.0,11.0,11.0
714,San Andreas (Offshore),131490.762,90.0,90.0,90.0,0.0,0.0,0.0,11.0,11.0,11.0
800,San Jacinto (Superstition Mountain),26238.244,90.0,90.0,90.0,0.0,0.0,0.0,12.4,12.4,12.4
801,San Jacinto (Borrego),34244.426,90.0,90.0,90.0,0.0,0.0,0.0,13.1,13.1,13.1
802,San Jacinto (Coyote Creek),42873.79,90.0,90.0,90.0,0.0,0.0,0.0,15.9,15.9,15.9
803,San Jacinto (Clark),46746.874,90.0,90.0,90.0,0.0,0.0,0.0,16.8,16.8,16.8
804,San Jacinto (Anza),46113.182,90.0,90.0,90.0,0.0,0.0,0.0,16.8,16.8,16.8
805,San Jacinto (stepover),24744.156,90.0,90.0,90.0,0.0,0.0,0.0,16.45,16.45,16.45
806,San Jacinto (San Jacinto Valley),18465.587,90.0,90.0,90.0,0.0,0.0,0.0,16.1,16.1,16.1
807,San Jacinto (San Bernardino),37006.54,90.0,90.0,90.0,0.0,0.0,0.0,16.1,16.1,16.1
840,Elsinore (Coyote Mountains),38782.755,82.0,82.0,82.0,0.0,0.0,0.0,13.2,13.2,13.2
841,Elsinore (Julian),75384.132,84.0,84.0,84.0,0.0,0.0,0.0,18.8,18.8,18.8
842,Elsinore (Temecula),40023.873,90.0,90.0,90.0,0.0,0.0,0.0,14.2,14.2,14.2
843,Elsinore (stepover),11789.226,90.0,90.0,90.0,0.0,0.0,0.0,13.7,13.7,13.7
844,Elsinore (Glen Ivy),25814.546,90.0,90.0,90.0,0.0,0.0,0.0,13.2,13.2,13.2
880,Garlock (west),97380.389,90.0,90.0,90.0,0.0,0.0,0.0,14.7,14.7,14.7
881,Garlock (center),110506.471,90.0,90.0,90.0,0.0,0.0,0.0,11.5,11.5,11.5
882,Garlock (east),44888.048,90.0,90.0,90.0,0.0,0.0,0.0,11.5,11.5,11.5
900,"Hayward (south, extension)",23155.934,48.0,48.0,48.0,0.0,0.0,0.0,5.1,5.1,5.1
901,Hayward (south),54493.474,76.0,76.0,76.0,0.0,0.0,0.0,13.4,13.4,13.4
902,Hayward (north),53559.589,82.0,82.0,82.0,0.0,0.0,0.0,11.1,11.1,11.1
903,Rodgers Creek - Healdsburg,82568.688,77.0,77.0,77.0,0.0,0.0,0.0,12.0,12.0,12.0
920,"Calaveras (south, Paicines)",59726.103,77.0,77.0,77.0,0.0,0.0,0.0,13.0,13.0,13.0
921,Calaveras (south),26572.16,85.0,85.0,85.0,0.0,0.0,0.0,9.5,9.5,9.5
922,Calaveras (center),52407.7,77.0,77.0,77.0,0.0,0.0,0.0,11.0,11.0,11.0
923,Calaveras (north),48086.482,80.0,80.0,80.0,0.0,0.0,0.0,14.0,14.0,14.0
1000,Antelope Valley,44952.364,50.0,50.0,50.0,0.0,0.0,0.0,13.0,13.0,13.0
1001,Carson Range [0],53498.14,50.0,50.0,50.0,0.0,0.0,0.0,13.0,13.0,13.0
1002,Incline Village,20442.629,50.0,50.0,50.0,0.0,0.0,0.0,11.4,11.4,11.4
2500,Goose Lake,63029.15,58.0,58.0,58.0,0.0,0.0,0.0,8.5,8.5,8.5
2501,South Klamath Lake (east),54741.349,60.0,60.0,60.0,0.0,0.0,0.0,11.0,11.0,11.0
2502,South Klamath Lake (west),53314.08,60.0,60.0,60.0,0.0,0.0,0.0,11.0,11.0,11.0
