name,parent_id,parent_name
Abert Rim,2503,Abert Rim
Acala,2600,Acala
Agai Pah Hills,1138,Agai Pah Hills
Airport Lake,1,Airport Lake
Airport Lake (south),310,Airport Lake (south)
Alamogordo,2400,Alamogordo
Algodones,2000,Algodones
Almanor,2,Almanor
Alvin Canyon,2504,Alvin Canyon
Amargosa,2601,Amargosa
Anacapa - Dume,3,Anacapa - Dume
Anaheim,5,Anaheim
Andesite Ridge (unnamed),1240,Andesite Ridge (unnamed)
Animas Valley,2439,Animas Valley
Annabella Graben,2727,Annabella Graben
Antelope Peak,1139,Antelope Peak
Antelope Range (NV),1140,Antelope Range (NV)
Antelope Range (UT),2728,Antelope Range (UT)
Antelope Range (unnamed),1271,Antelope Range (unnamed)
Antelope Range - Kingsley Mountains,1003,Antelope Range - Kingsley Mountains
Antelope Valley,1000,Antelope Valley
Arlington - Shutler Butte,2555,Arlington - Shutler Butte
Arrow Canyon Range,1141,Arrow Canyon Range
Arrowhead - Citadel Ruins,2016,Arrowhead - Citadel Ruins
Arroyo Diablo,2602,Arroyo Diablo
Artillery Range,2440,Artillery Range
Ash Hill,6,Ash Hill
Aubrey,2001,Aubrey
Babbitt Lake,2017,Babbitt Lake
Baker,7,Baker
Bare Mountain,1004,Bare Mountain
Bartlett Springs,8,Bartlett Springs
Battle Creek,9,Battle Creek
Battle Mountain,1005,Battle Mountain
Battle Rock,2505,Battle Rock
Bear Creek,311,Bear Creek
Bear River (CA),10,Bear River (CA)
Bear River (WY),2900,Bear River (WY)
Beaver Basin (east),2729,Beaver Basin (east)
"Beaver Basin (intrabasin, central)",2730,"Beaver Basin (intrabasin, central)"
"Beaver Basin (intrabasin, east)",2731,"Beaver Basin (intrabasin, east)"
"Beaver Basin (intrabasin, west)",2732,"Beaver Basin (intrabasin, west)"
Beaver Creek (MT),2323,Beaver Creek (MT)
Beaver Creek (OR),2506,Beaver Creek (OR)
Beaverhead (Blue Dome),2218,Beaverhead (Blue Dome)
Beaverhead (north),2219,Beaverhead (north)
Beaverton,2556,Beaverton
Bellemont,2018,Bellemont
Belted Range,1142,Belted Range
Bennett Valley,11,Bennett Valley
Benton Spring (south),1006,Benton Spring (south)
Beowawe,1007,Beowawe
Bettles Well - Petrified Springs,1008,Bettles Well - Petrified Springs
Bicycle Lake,12,Bicycle Lake
Big Chino - Little Chino,2002,Big Chino - Little Chino
Big Flat,2201,Big Flat
Big Lagoon,13,Big Lagoon
Big Pass,2733,Big Pass
Big Pine (center),14,Big Pine (center)
Big Pine (east),15,Big Pine (east)
Big Pine (west),16,Big Pine (west)
Big Sand Springs (center),1145,Big Sand Springs (center)
Big Sand Springs (north),1191,Big Sand Springs (north)
Big Sand Springs Valley,1143,Big Sand Springs Valley
"Big Valley (unnamed, proxy)",348,"Big Valley (unnamed, proxy)"
Bill Williams,2019,Bill Williams
Birch Bay,2827,Birch Bay
Bitterroot,2324,Bitterroot
Black Hill,2441,Black Hill
Black Hills,1009,Black Hills
Black Mountains,2734,Black Mountains
Black Point - Doney Mountain (center),2020,Black Point - Doney Mountain (center)
Black Point - Doney Mountain (north),2021,Black Point - Doney Mountain (north)
Black Point - Doney Mountain (south),2022,Black Point - Doney Mountain (south)
Black Rock,1010,Black Rock
Blacktail,2300,Blacktail
Blackwater,17,Blackwater
Bloody Run Hills,1011,Bloody Run Hills
Blue Cut,18,Blue Cut
Blue Mountain,2442,Blue Mountain
Blue Ridge - Gate Creek,2557,Blue Ridge - Gate Creek
Bluewing Mountains (unnamed),1242,Bluewing Mountains (unnamed)
Bolton,2507,Bolton
Bonham Ranch,1012,Bonham Ranch
Boulder Creek (Kendall),2800,Boulder Creek (Kendall)
Boulder River valley western border,2325,Boulder River valley western border
Boulder front,2220,Boulder front
Brawley,19,Brawley
Breckenridge,21,Breckenridge
Broadmouth Canyon - James Peak,2735,Broadmouth Canyon - James Peak
Buena Vista Valley,1013,Buena Vista Valley
Buffalo Creek,1014,Buffalo Creek
Buffalo Fork,2918,Buffalo Fork
Buffalo Mountain,1015,Buffalo Mountain
Buffalo Valley,1016,Buffalo Valley
Bullion Mountains,22,Bullion Mountains
Burnt Mountain,23,Burnt Mountain
Busted Boiler,2190,Busted Boiler
Butte Mountains,1017,Butte Mountains
Caballo (NM),2402,Caballo (NM)
Caballo (TX),2603,Caballo (TX)
Cactus Flats,2023,Cactus Flats
Cady,25,Cady
Calaveras (center),922,Calaveras (center)
Calaveras (north),923,Calaveras (north)
Calaveras (south),921,Calaveras (south)
"Calaveras (south, Paicines)",920,"Calaveras (south, Paicines)"
Calico - Hidalgo,26,Calico - Hidalgo
California Wash,1018,California Wash
Cameron Graben,2024,Cameron Graben
Camp Rock,27,Camp Rock
Campbell Francis - Large Whiskers - Rimmy Jim,2025,Campbell Francis - Large Whiskers - Rimmy Jim
Campo Grande,2604,Campo Grande
Canada David,28,Canada David
Canby,2558,Canby
Candelaria Hills (unnamed),1265,Candelaria Hills (unnamed)
Canones,2404,Canones
Canyon Ferry,2301,Canyon Ferry
Canyon Ferry (Toston),2326,Canyon Ferry (Toston)
Canyon River,2828,Canyon River
Canyon River - Price Lake (northeast),2829,Canyon River - Price Lake (northeast)
Canyon River - Price Lake (southwest),2830,Canyon River - Price Lake (southwest)
Cape Blanco Anticline,2508,Cape Blanco Anticline
Carefree,2026,Carefree
Carico Lake Valley,1019,Carico Lake Valley
Carlsbad,29,Carlsbad
Carlsbad Ridge,357,Carlsbad Ridge
Carrington,2736,Carrington
Carson City,1020,Carson City
Carson Lineament,1144,Carson Lineament
Casmalia,30,Casmalia
Casner Cabin,2027,Casner Cabin
Catalina,312,Catalina
Cataract Creek,2028,Cataract Creek
Cebollita Mesa,2443,Cebollita Mesa
Cedar Mountain - Mahogany Mountain,31,Cedar Mountain - Mahogany Mountain
Cedar Mountains (unnamed),1257,Cedar Mountains (unnamed)
Cedar Ranch,2029,Cedar Ranch
Cedar Wash,2030,Cedar Wash
Cemetery,2444,Cemetery
Centennial (east),2302,Centennial (east)
Centennial (west),2333,Centennial (west)
Cerro Prieto,32,Cerro Prieto
Channel Islands,33,Channel Islands
Channel Islands (ramp),34,Channel Islands (ramp)
Chemult Graben (east),2509,Chemult Graben (east)
Chemult Graben (west),2510,Chemult Graben (west)
Cherry Creek,1148,Cherry Creek
Chico Monocline,313,Chico Monocline
Chino,36,Chino
Clamshell - Sawpit,37,Clamshell - Sawpit
Clan Alpine,1023,Clan Alpine
Clan Alpine Mountains (unnamed),1269,Clan Alpine Mountains (unnamed)
Clayton,38,Clayton
Clayton Valley,1149,Clayton Valley
Cleghorn,39,Cleghorn
Cleghorn Lake,40,Cleghorn Lake
Cleghorn Pass,41,Cleghorn Pass
Cliff,2445,Cliff
Coal Mine Canyon,1150,Coal Mine Canyon
Coaldale,1024,Coaldale
Cochiti Pueblo,2452,Cochiti Pueblo
Cohasset Ridge,314,Cohasset Ridge
Collayomi,42,Collayomi
Compton,43,Compton
Concho,2031,Concho
Concord,44,Concord
Contact (north),1151,Contact (north)
Contact (south),1152,Contact (south)
Coquille Anticline,2511,Coquille Anticline
Corning,315,Corning
Coronado Bank,55,Coronado Bank
Cortez Mountain,1026,Cortez Mountain
Cottonwood Mountain (east),2512,Cottonwood Mountain (east)
County Dump,2405,County Dump
Cox Ranch,355,Cox Ranch
Coyote Canyon,57,Coyote Canyon
Coyote Lake,58,Coyote Lake
Coyote Spring,1027,Coyote Spring
Coyote Springs,2446,Coyote Springs
Coyote Wash,2032,Coyote Wash
Crafton Hills,316,Crafton Hills
Crater Bench,2737,Crater Bench
Crawford Mountains - Saleratus Creek,2738,Crawford Mountains - Saleratus Creek
Crescent Dunes,1028,Crescent Dunes
Cricket Mountains (west),2739,Cricket Mountains (west)
Cucamonga,59,Cucamonga
Cuddy Mountain,2202,Cuddy Mountain
Curlew Valley,2221,Curlew Valley
Cuyama (south),60,Cuyama (south)
Daisy Bank,2513,Daisy Bank
Datil (unnamed),2488,Datil (unnamed)
Davis Creek,61,Davis Creek
Dead Camel Mountain (unnamed),1244,Dead Camel Mountain (unnamed)
Death Valley (Black Mountains),62,Death Valley (Black Mountains)
Death Valley (Fish Lake Valley),63,Death Valley (Fish Lake Valley)
Death Valley (north),64,Death Valley (north)
Death Valley (south),65,Death Valley (south)
Deep Springs,66,Deep Springs
Del Valle,67,Del Valle
Derry Hills - Foothills,2447,Derry Hills - Foothills
Desatoya Mountains (north),1153,Desatoya Mountains (north)
Desatoya Mountains (south),1029,Desatoya Mountains (south)
"Desert Mountains (center, unnamed)",1245,"Desert Mountains (center, unnamed)"
"Desert Mountains (east, unnamed)",1246,"Desert Mountains (east, unnamed)"
"Desert Mountains (west, unnamed)",1247,"Desert Mountains (west, unnamed)"
Detrital Valley,2033,Detrital Valley
Devils Mountain,2801,Devils Mountain
Diamond Mountains,1030,Diamond Mountains
Dixie Valley,1032,Dixie Valley
Dog Valley,68,Dog Valley
Double Spring Flat,1154,Double Spring Flat
Dover,2740,Dover
Drayton Harbor,2831,Drayton Harbor
Drum Mountains (east),2741,Drum Mountains (east)
Drum Mountains (northwest),2742,Drum Mountains (northwest)
Drum Mountains (south),2743,Drum Mountains (south)
Dry Hills,1155,Dry Hills
Dry Lake,1033,Dry Lake
Dry Mountain,69,Dry Mountain
Dry Valley - Smoke Creek Ranch,1034,Dry Valley - Smoke Creek Ranch
Duck Flat,1035,Duck Flat
Dunn Glenn,1036,Dunn Glenn
Dutchman Draw,2003,Dutchman Draw
Eagle Bay,2901,Eagle Bay
Earthquake Valley (center),70,Earthquake Valley (center)
Earthquake Valley (north),71,Earthquake Valley (north)
Earthquake Valley (south),72,Earthquake Valley (south)
East Baylor Mountain - Carizzo Mountain,2605,East Baylor Mountain - Carizzo Mountain
East Cache,2700,East Cache
East Carson Valley (proxy),1291,East Carson Valley (proxy)
East Franklin Mountains,2606,East Franklin Mountains
East Gallatin - Reese Creek,2919,East Gallatin - Reese Creek
East Gem Valley,2222,East Gem Valley
East Grand Ronde Valley,2560,East Grand Ronde Valley
East Huasna,73,East Huasna
East Kamas,2744,East Kamas
East Mount Sheridan,2902,East Mount Sheridan
East Paradise,2406,East Paradise
East Potrillo,2448,East Potrillo
East Pueblo Valley,2562,East Pueblo Valley
East Rincon Hills,2449,East Rincon Hills
East Robledo,2450,East Robledo
East Sierra Diablo,2607,East Sierra Diablo
East Tintic Mountains (northwest),2745,East Tintic Mountains (northwest)
East Tintic Mountains (southeast),2747,East Tintic Mountains (southeast)
East Tintic Mountains (southwest),2746,East Tintic Mountains (southwest)
East Tonuco,2451,East Tonuco
East-Side Chase Gulch,2191,East-Side Chase Gulch
Eastern Bear Lake,2203,Eastern Bear Lake
Eastern Bilk Creek Mountains,1037,Eastern Bilk Creek Mountains
Eastern Carson Sink,1158,Eastern Carson Sink
Eastern Columbus Salt Marsh,1159,Eastern Columbus Salt Marsh
Eastern Dixie Valley (north),1160,Eastern Dixie Valley (north)
Eastern Dixie Valley (south),1161,Eastern Dixie Valley (south)
Eastern Edwards Creek Valley,1038,Eastern Edwards Creek Valley
Eastern Granite Range,1039,Eastern Granite Range
Eastern Humboldt Range,1162,Eastern Humboldt Range
Eastern Independence Valley,1040,Eastern Independence Valley
Eastern Jackson Mountains,1163,Eastern Jackson Mountains
Eastern Little Smoky Valley,1164,Eastern Little Smoky Valley
Eastern Monitor Range (north),1041,Eastern Monitor Range (north)
Eastern Monitor Range (south),1165,Eastern Monitor Range (south)
Eastern Osgood Mountains,1043,Eastern Osgood Mountains
Eastern Pine Forest Range,1044,Eastern Pine Forest Range
Eastern Reveille Range,1166,Eastern Reveille Range
Eastgate,1167,Eastgate
Eaton Roughs,74,Eaton Roughs
Echo Canyon,1168,Echo Canyon
Edna Mountain,1047,Edna Mountain
Eglington,1048,Eglington
Elmore Ranch,75,Elmore Ranch
Elsinore (Coyote Mountains),840,Elsinore (Coyote Mountains)
Elsinore (Glen Ivy),844,Elsinore (Glen Ivy)
Elsinore (Julian),841,Elsinore (Julian)
Elsinore (Temecula),842,Elsinore (Temecula)
Elsinore (stepover),843,Elsinore (stepover)
Elysian Park (lower),76,Elysian Park (lower)
Elysian Park (upper),77,Elysian Park (upper)
Embudo,2407,Embudo
Emerson - Copper Mountain,78,Emerson - Copper Mountain
Emigrant,2303,Emigrant
Emigrant Peak,1049,Emigrant Peak
Enoch Graben,2748,Enoch Graben
Entiat,2832,Entiat
Eugene Mountains,1050,Eugene Mountains
Eureka Peak,79,Eureka Peak
Excelsior Mountains (unnamed),1052,Excelsior Mountains (unnamed)
Extra,317,Extra
Fairview,1051,Fairview
Faults north of Placitas,2453,Faults north of Placitas
Fickle Hill,80,Fickle Hill
Fish Creek Range,1169,Fish Creek Range
Fish Lake Valley,1170,Fish Lake Valley
Fish Slough,81,Fish Slough
Fish Springs,2749,Fish Springs
Fitzgerald,2454,Fitzgerald
Fitzhugh Creek,82,Fitzhugh Creek
Fontana (seismicity),83,Fontana (seismicity)
Fourmile Flat (unnamed),1259,Fourmile Flat (unnamed)
Fox Range,1053,Fox Range
Franklin,84,Franklin
Freds Mountain,1054,Freds Mountain
Frenchman Mountain,1055,Frenchman Mountain
Frigid Creek,2833,Frigid Creek
Gabbs Valley,1171,Gabbs Valley
Gabbs Valley (unnamed),1260,Gabbs Valley (unnamed)
Gales Creek (Chehalem Valley),2563,Gales Creek (Chehalem Valley)
Gales Creek (Parsons Creek),2514,Gales Creek (Parsons Creek)
Gallina,2408,Gallina
Garberville - Briceland,85,Garberville - Briceland
Garden Valley (unnamed),1254,Garden Valley (unnamed)
Garlic Springs,86,Garlic Springs
Garlock (center),881,Garlock (center)
Garlock (east),882,Garlock (east)
Garlock (west),880,Garlock (west)
Genoa (north),1172,Genoa (north)
Genoa (south),1001,Genoa (south)
Georgia Gulch,2304,Georgia Gulch
Gillem - Big Crack,87,Gillem - Big Crack
Gillespie Mountain,2455,Gillespie Mountain
Gold Hill (north),2456,Gold Hill (north)
Gold Hill (south),2457,Gold Hill (south)
Gold King,1173,Gold King
Goldstone Lake,88,Goldstone Lake
Goose Lake,2500,Goose Lake
Gooseberry Graben,2751,Gooseberry Graben
Gore Range,2100,Gore Range
Goshen,2753,Goshen
Grand Valley,2903,Grand Valley
Grand Wash,2034,Grand Wash
Granite Springs Valley,1057,Granite Springs Valley
Grass Valley,1058,Grass Valley
Gravel Hills - Harper Lake,89,Gravel Hills - Harper Lake
Gray Ranch,2458,Gray Ranch
Great Salt Lake (Antelope Island),2701,Great Salt Lake (Antelope Island)
Great Salt Lake (Fremont Island),2702,Great Salt Lake (Fremont Island)
Great Salt Lake (Promontory),2703,Great Salt Lake (Promontory)
Great Valley 1,90,Great Valley 1
Great Valley 10 (Panoche),91,Great Valley 10 (Panoche)
Great Valley 11,92,Great Valley 11
Great Valley 12,93,Great Valley 12
Great Valley 13 (Coalinga),94,Great Valley 13 (Coalinga)
Great Valley 14 (Kettleman Hills),95,Great Valley 14 (Kettleman Hills)
Great Valley 2,96,Great Valley 2
Great Valley 3 (Mysterious Ridge),97,Great Valley 3 (Mysterious Ridge)
Great Valley 3a (Dunnigan Hills),98,Great Valley 3a (Dunnigan Hills)
Great Valley 4a (Trout Creek),99,Great Valley 4a (Trout Creek)
Great Valley 4b (Gordon Valley),100,Great Valley 4b (Gordon Valley)
Great Valley 5 (Pittsburg - Kirby Hills),101,Great Valley 5 (Pittsburg - Kirby Hills)
Great Valley 6 (Midland),103,Great Valley 6 (Midland)
Great Valley 7 (Orestimba),105,Great Valley 7 (Orestimba)
Great Valley 8 (Quinto),106,Great Valley 8 (Quinto)
Great Valley 9 (Laguna Seca),107,Great Valley 9 (Laguna Seca)
Green Valley,108,Green Valley
Greenville (north),109,Greenville (north)
Greenville (south),110,Greenville (south)
Greys River,2904,Greys River
Grizzly Valley,318,Grizzly Valley
Grogan,319,Grogan
Grouse Creek - Dove Creek Mountains (north),2752,Grouse Creek - Dove Creek Mountains (north)
Grouse Creek - Dove Creek Mountains (south),2754,Grouse Creek - Dove Creek Mountains (south)
Guadalupe,2459,Guadalupe
Gumdrop Hills,1174,Gumdrop Hills
Gunlock,2755,Gunlock
Gunnison,2756,Gunnison
Hachita Valley,2460,Hachita Valley
Hansel Mountains (east side),2757,Hansel Mountains (east side)
Hansel Valley,2704,Hansel Valley
Happy Camp,2516,Happy Camp
Harney,2564,Harney
Hartley Springs,111,Hartley Springs
Hat Creek,112,Hat Creek
Hayward (north),902,Hayward (north)
Hayward (south),901,Hayward (south)
"Hayward (south, extension)",900,"Hayward (south, extension)"
Hebgen,2305,Hebgen
Hector Mine,113,Hector Mine
Helena Valley,2306,Helena Valley
Helendale - Lockhart (south),114,Helendale - Lockhart (south)
Hickison Summit,1175,Hickison Summit
Hickman,2461,Hickman
Hiko,1059,Hiko
Hilger,2327,Hilger
Hilton Creek,115,Hilton Creek
Hoback,2905,Hoback
Hogsback,2921,Hogsback
Hollywood,116,Hollywood
Holser,117,Holser
Holser - San Gabriel (connector),118,Holser - San Gabriel (connector)
Homestead Valley,119,Homestead Valley
Honey Lake,120,Honey Lake
Hoppins Peak,1060,Hoppins Peak
Horse Heaven Hills,2803,Horse Heaven Hills
Horse Heaven Hills - Wallula,2834,Horse Heaven Hills - Wallula
Horseshoe,2035,Horseshoe
Hosgri,121,Hosgri
Hosgri (extension),122,Hosgri (extension)
Hot Springs,1061,Hot Springs
Hot Springs Mountains,1177,Hot Springs Mountains
House Range,2758,House Range
Huachuca,2036,Huachuca
Hubbell Spring,2409,Hubbell Spring
Hueco,2462,Hueco
Hunter Mountain - Saline Valley,123,Hunter Mountain - Saline Valley
Hunting Creek - Bartlett Springs (connector),124,Hunting Creek - Bartlett Springs (connector)
Hunting Creek - Berryessa,125,Hunting Creek - Berryessa
Huntoon Valley (north),1062,Huntoon Valley (north)
Huntoon Valley (south),1178,Huntoon Valley (south)
"Hurricane (Ash Creek, Cedar City)",2705,"Hurricane (Ash Creek, Cedar City)"
Hurricane (center),2004,Hurricane (center)
Hurricane (south),2005,Hurricane (south)
Imperial,126,Imperial
Incline Village,1002,Incline Village
Independence,127,Independence
Independence (north),320,Independence (north)
Independence Valley,1063,Independence Valley
Indian Head,1064,Indian Head
Indian Hill,1065,Indian Hill
Inks Creek - Hooker Dome,321,Inks Creek - Hooker Dome
Ione Valley,1066,Ione Valley
Ione Valley (unnamed),1268,Ione Valley (unnamed)
Iron Mountain,1180,Iron Mountain
Jackson Mountains,1067,Jackson Mountains
Jakes Valley,1068,Jakes Valley
Jemez - San Ysidro (Calabacillas),2403,Jemez - San Ysidro (Calabacillas)
Jemez - San Ysidro (Jemez),2410,Jemez - San Ysidro (Jemez)
Jemez - San Ysidro (San Ysidro),2465,Jemez - San Ysidro (San Ysidro)
Jersey Valley,1069,Jersey Valley
Jess Valley,128,Jess Valley
Jocko,2307,Jocko
Joes Valley,2706,Joes Valley
Johnson Valley (north),129,Johnson Valley (north)
"Jornada Draw (north, Engle Lake)",2466,"Jornada Draw (north, Engle Lake)"
Jornada Draw (south),2467,Jornada Draw (south)
Joshua Tree (seismicity),130,Joshua Tree (seismicity)
Juniper Mountain,2518,Juniper Mountain
Kane Spring Wash,1070,Kane Spring Wash
Kawich Range - Hot Creek Ranges,1071,Kawich Range - Hot Creek Ranges
Keddie Ridge,131,Keddie Ridge
Kern Canyon (Lake Isabella),132,Kern Canyon (Lake Isabella)
Kern Canyon (north),133,Kern Canyon (north)
Kern Canyon (south),134,Kern Canyon (south)
Kickapoo,135,Kickapoo
King Range,136,King Range
Kings Canyon,1072,Kings Canyon
Kittitas Valley,2835,Kittitas Valley
Klamath Graben (Klamath Lake),2502,Klamath Graben (Klamath Lake)
Klamath Graben (east),2519,Klamath Graben (east)
"Klamath Graben (west, center)",2565,"Klamath Graben (west, center)"
"Klamath Graben (west, north)",2566,"Klamath Graben (west, north)"
"Klamath Graben (west, south)",2520,"Klamath Graben (west, south)"
La Bajada,2411,La Bajada
La Canada del Amagre,2412,La Canada del Amagre
La Jencia,2413,La Jencia
La Panza,137,La Panza
La Pine Graben,2567,La Pine Graben
Laguna Salada,138,Laguna Salada
Lake Creek - Boundary Creek - Sadie,2804,Lake Creek - Boundary Creek - Sadie
Lake Isabella (seismicity),139,Lake Isabella (seismicity)
Lake Peak,322,Lake Peak
Lake Range,1045,Lake Range
Las Positas,140,Las Positas
Last Chance,141,Last Chance
Lausuen Knoll,323,Lausuen Knoll
Lava Butte,2568,Lava Butte
"Lemhi (Big Gulch, Warm Creek)",2223,"Lemhi (Big Gulch, Warm Creek)"
"Lemhi (Ellis, May, Big Gulch)",2224,"Lemhi (Ellis, May, Big Gulch)"
"Lemhi (Fallert Springs, Howe)",2225,"Lemhi (Fallert Springs, Howe)"
Lenwood - Lockhart - Old Woman Springs,142,Lenwood - Lockhart - Old Woman Springs
Leupps,2037,Leupps
Likely,143,Likely
Lima Reservoir,2328,Lima Reservoir
Lions Head,144,Lions Head
Little Fish Lake Valley,1073,Little Fish Lake Valley
Little Lake,145,Little Lake
Little Salmon (offshore),146,Little Salmon (offshore)
Little Salmon (onshore),147,Little Salmon (onshore)
Little Valley,1074,Little Valley
Little Valley (east),2759,Little Valley (east)
Little Valley (unnamed),1252,Little Valley (unnamed)
Little Valley (west),2760,Little Valley (west)
Littlefield Mesa,2038,Littlefield Mesa
Llano de Albuquerque (proxy),2496,Llano de Albuquerque (proxy)
Llano de Manzano (proxy),2497,Llano de Manzano (proxy)
Lobato Mesa,2414,Lobato Mesa
Loma Blanca,2470,Loma Blanca
Loma Pelada,2471,Loma Pelada
Lone Mountain,1075,Lone Mountain
Lone Pine,2226,Lone Pine
"Long Valley (center, unnamed)",1248,"Long Valley (center, unnamed)"
"Long Valley (north, unnamed)",1249,"Long Valley (north, unnamed)"
"Long Valley (south, unnamed)",1250,"Long Valley (south, unnamed)"
Los Alamos,148,Los Alamos
Los Alamos (extension),149,Los Alamos (extension)
Los Medanos - Roe Island,150,Los Medanos - Roe Island
Los Osos,151,Los Osos
Los Pinos,2472,Los Pinos
Lost Hills,152,Lost Hills
Lost Man,324,Lost Man
Lost River,2205,Lost River
Louderback Mountains,1182,Louderback Mountains
Ludlow,153,Ludlow
Luning (unnamed),1255,Luning (unnamed)
"Lytle Creek (San Jacinto, connector)",154,"Lytle Creek (San Jacinto, connector)"
Maacama,155,Maacama
Mad River,157,Mad River
Madison,2308,Madison
Main Canyon,2761,Main Canyon
Main Street,2039,Main Street
Malibu Coast,160,Malibu Coast
Malibu Coast (extension),158,Malibu Coast (extension)
Manastash Ridge,2836,Manastash Ridge
Manix - Afton Hills,162,Manix - Afton Hills
Manzano,2473,Manzano
Maple Grove,2762,Maple Grove
Mastodon,2474,Mastodon
Maverick Springs Range (north),1183,Maverick Springs Range (north)
Maverick Springs Range (south),1184,Maverick Springs Range (south)
Mayfield,325,Mayfield
McAfee Canyon,1185,McAfee Canyon
McArthur,326,McArthur
McKinleyville,163,McKinleyville
McLean Lake,164,McLean Lake
Mead Slope,2040,Mead Slope
Mendocino,165,Mendocino
Mesita,2192,Mesita
Mesquite,2041,Mesquite
Metolius,2522,Metolius
Metz Tank,2042,Metz Tank
Mexican Butte,1186,Mexican Butte
Mid Channel,327,Mid Channel
Middlegate,1078,Middlegate
Midway,328,Midway
Midway Hills,1187,Midway Hills
Mike Well - Bosque del Apache,2475,Mike Well - Bosque del Apache
"Mill Creek (San Andreas, north branch)",166,"Mill Creek (San Andreas, north branch)"
Mineral Mountains,2763,Mineral Mountains
Mission,2309,Mission
Mission (connected),167,Mission (connected)
Mission Creek,168,Mission Creek
Mission Hills,169,Mission Hills
Mission Ridge - Arroyo Parida - Santa Ana,170,Mission Ridge - Arroyo Parida - Santa Ana
Mohawk Valley,171,Mohawk Valley
Mono Lake,172,Mono Lake
Montana Mountains - Desert Valley,1079,Montana Mountains - Desert Valley
Monte Cristo Valley,1080,Monte Cristo Valley
Monte Vista - Shannon,173,Monte Vista - Shannon
Monterey Bay - Tularcitos,174,Monterey Bay - Tularcitos
Morales (east),175,Morales (east)
Morales (west),176,Morales (west)
Morgan,2707,Morgan
Morongo Valley,356,Morongo Valley
Mount Angel,2523,Mount Angel
Mount Callaghan,1188,Mount Callaghan
Mount Diablo (north),177,Mount Diablo (north)
Mount Diablo (south),178,Mount Diablo (south)
Mount Riley,2476,Mount Riley
Mount Rose,1082,Mount Rose
Mountainair (unnamed),2489,Mountainair (unnamed)
Murphy Meadows,1189,Murphy Meadows
Murrieta Hot Springs,329,Murrieta Hot Springs
Nacimiento,2415,Nacimiento
Nambe,2416,Nambe
Needles Graben,2043,Needles Graben
Nelson Lake,180,Nelson Lake
Newark Valley,1190,Newark Valley
Newport - Inglewood,183,Newport - Inglewood
Newport - Inglewood (offshore),181,Newport - Inglewood (offshore)
North Channel,184,North Channel
North Frontal (east),185,North Frontal (east)
North Frontal (west),186,North Frontal (west)
North Genola,2750,North Genola
North Promontory,2708,North Promontory
North Salt Lake,187,North Salt Lake
North Tahoe,188,North Tahoe
Northern Butte Valley,1084,Northern Butte Valley
Northern Huntington Valley,1085,Northern Huntington Valley
Northern Monitor Valley,1193,Northern Monitor Valley
Northern Roberts Mountains,1086,Northern Roberts Mountains
Northern Simpson Park Mountains,1087,Northern Simpson Park Mountains
Northern Snake Mountains,1194,Northern Snake Mountains
Northridge,189,Northridge
Northridge Hills,190,Northridge Hills
Noyo Basin,330,Noyo Basin
Oak Ridge (offshore),191,Oak Ridge (offshore)
"Oak Ridge (offshore, extension)",192,"Oak Ridge (offshore, extension)"
Oak Ridge (onshore),193,Oak Ridge (onshore)
Oceanic - West Huasna,194,Oceanic - West Huasna
Oceanside,195,Oceanside
Ogden Valley North Fork,2764,Ogden Valley North Fork
Olinghouse,1195,Olinghouse
Olympia,2837,Olympia
Oneil Basin (east),1196,Oneil Basin (east)
Oneil Basin (west),1197,Oneil Basin (west)
Oquirrh,2709,Oquirrh
Organ Mountains,2417,Organ Mountains
Ortigalita (north),197,Ortigalita (north)
Ortigalita (south),198,Ortigalita (south)
Owens Valley,199,Owens Valley
Owens Valley (Keough Hot Springs),200,Owens Valley (Keough Hot Springs)
Owl Lake,201,Owl Lake
Owyhee Mountains - Halfway Gulch,2227,Owyhee Mountains - Halfway Gulch
Ozena,202,Ozena
Packard Flat (unnamed),1266,Packard Flat (unnamed)
Pahranagat Valley (unnamed),1270,Pahranagat Valley (unnamed)
Pahrump,1198,Pahrump
Pajarito,2418,Pajarito
Palisade Mesa,1199,Palisade Mesa
Palos Verdes,203,Palos Verdes
Panamint Valley,204,Panamint Valley
Paradise,205,Paradise
Paradise Range,1088,Paradise Range
Paradise Range (unnamed),1239,Paradise Range (unnamed)
Paragonah,2710,Paragonah
Park Range,1200,Park Range
Paulina Marsh,2526,Paulina Marsh
Paunsaugunt,2765,Paunsaugunt
Paxton Ranch,331,Paxton Ranch
Pearl Harbor,2046,Pearl Harbor
Peavine Peak,1089,Peavine Peak
Pedrogosa,2045,Pedrogosa
Peko Peak,1201,Peko Peak
Penoyer,1090,Penoyer
Peralta Hills,206,Peralta Hills
Petersen Mountain (east),1092,Petersen Mountain (east)
Petersen Mountain (west),1091,Petersen Mountain (west)
Pfieffer Point,332,Pfieffer Point
Picuris - Pecos,2419,Picuris - Pecos
Pilarcitos,207,Pilarcitos
Pilot Creek Valley,1204,Pilot Creek Valley
Pilot Mountains (unnamed),1241,Pilot Mountains (unnamed)
Pilot Range,1205,Pilot Range
Pine Mountain,208,Pine Mountain
Pine Mountains (unnamed),1251,Pine Mountains (unnamed)
Pine Valley (unnamed),1261,Pine Valley (unnamed)
Pinto Mountain,209,Pinto Mountain
Pioneer,2569,Pioneer
Pisgah - Bullion Mountain - Mesquite Lake,210,Pisgah - Bullion Mountain - Mesquite Lake
Pitas Point,333,Pitas Point
"Pitas Point (lower, Montalvo)",211,"Pitas Point (lower, Montalvo)"
"Pitas Point (lower, west)",212,"Pitas Point (lower, west)"
Pitas Point (upper),213,Pitas Point (upper)
Pitaycachi (north),2062,Pitaycachi (north)
Pitaycachi (south),2063,Pitaycachi (south)
Pittville,214,Pittville
Pleasant Valley (China Mountain),1206,Pleasant Valley (China Mountain)
Pleasant Valley (Pearce),1207,Pleasant Valley (Pearce)
Pleasant Valley (Sou Hills),1208,Pleasant Valley (Sou Hills)
Pleasant Valley (Tobin),1209,Pleasant Valley (Tobin)
Pleito,215,Pleito
Point Reyes,216,Point Reyes
Point Reyes (connector),217,Point Reyes (connector)
Polaris (CA),218,Polaris (CA)
Polaris (MT),2332,Polaris (MT)
Pondosa (proxy),349,Pondosa (proxy)
Porcupine Mountains,2766,Porcupine Mountains
Portland Hills (north),2529,Portland Hills (north)
Portland Hills (south),2570,Portland Hills (south)
Prescott Valley Grabens,2047,Prescott Valley Grabens
Preston,1210,Preston
Puente Hills (Coyote Hills),219,Puente Hills (Coyote Hills)
Puente Hills (Los Angeles),220,Puente Hills (Los Angeles)
Puente Hills (Santa Fe Springs),221,Puente Hills (Santa Fe Springs)
Puye,2421,Puye
Pyramid Lake,1094,Pyramid Lake
Pyramid Mountains (unnamed),2490,Pyramid Mountains (unnamed)
Quebraditas - El Oro,2477,Quebraditas - El Oro
Quien Sabe,223,Quien Sabe
Railroad Valley,1095,Railroad Valley
Rainbow Mountain,1096,Rainbow Mountain
Rattlesnake Flat,1097,Rattlesnake Flat
Ravenswood,1211,Ravenswood
Raymond,224,Raymond
Red Bluff,334,Red Bluff
Red Buttes,1212,Red Buttes
Red Canyon,2329,Red Canyon
Red Hill,335,Red Hill
Red Hills (NM),2478,Red Hills (NM)
Red Hills (UT),2767,Red Hills (UT)
Red Mountain,225,Red Mountain
Red Pass,226,Red Pass
Red Rock,2310,Red Rock
Red Rock Hills,2311,Red Rock Hills
Redondo Canyon,228,Redondo Canyon
Reliz,229,Reliz
Reno (unnamed),1243,Reno (unnamed)
Reservoir Canyon,336,Reservoir Canyon
Richfield,230,Richfield
Rimrock,2479,Rimrock
Rincon,2480,Rincon
Rinconada,231,Rinconada
Robinson Creek,232,Robinson Creek
Robinson Creek (south),337,Robinson Creek (south)
Rock Creek,2906,Rock Creek
Rock House (northeast),2048,Rock House (northeast)
Rock House (northwest),2049,Rock House (northwest)
Rock House (south),2050,Rock House (south)
Rock Valley,1214,Rock Valley
Rocky Ledge,233,Rocky Ledge
Rodgers Creek - Healdsburg,903,Rodgers Creek - Healdsburg
Rose Canyon,234,Rose Canyon
Roubideau Creek,2195,Roubideau Creek
Round Valley,235,Round Valley
Ruby Mountains (center),1213,Ruby Mountains (center)
Ruby Mountains (north),1098,Ruby Mountains (north)
Ruby Mountains (south),1099,Ruby Mountains (south)
Ruby Valley,1100,Ruby Valley
Rush Peak,2206,Rush Peak
Russ,236,Russ
SP Crater,2056,SP Crater
Saddle Hill (Langley Hill),2838,Saddle Hill (Langley Hill)
Saddle Mountains,2807,Saddle Mountains
Safford,2051,Safford
Sagouse,1215,Sagouse
Sahwave Mountains (unnamed),1256,Sahwave Mountains (unnamed)
Salt Wells Valley,338,Salt Wells Valley
San Andreas (Banning),715,San Andreas (Banning)
San Andreas (Big Bend),706,San Andreas (Big Bend)
San Andreas (Carrizo),707,San Andreas (Carrizo)
San Andreas (Cholame),708,San Andreas (Cholame)
San Andreas (Coachella),700,San Andreas (Coachella)
San Andreas (Creeping),710,San Andreas (Creeping)
"San Andreas (Mojave,  north)",705,"San Andreas (Mojave,  north)"
"San Andreas (Mojave,  south)",704,"San Andreas (Mojave,  south)"
San Andreas (North Coast),713,San Andreas (North Coast)
San Andreas (Offshore),714,San Andreas (Offshore)
San Andreas (Parkfield),709,San Andreas (Parkfield)
San Andreas (Peninsula),712,San Andreas (Peninsula)
"San Andreas (San Bernardino, north)",703,"San Andreas (San Bernardino, north)"
"San Andreas (San Bernardino, south)",702,"San Andreas (San Bernardino, south)"
San Andreas (San Gorgonio Pass - Garnet Hill),701,San Andreas (San Gorgonio Pass - Garnet Hill)
San Andreas (Santa Cruz Mountains),711,San Andreas (Santa Cruz Mountains)
San Andres Mountains,2422,San Andres Mountains
San Cayetano,237,San Cayetano
San Clemente,238,San Clemente
San Diego Trough (north),239,San Diego Trough (north)
San Diego Trough (south),241,San Diego Trough (south)
San Emidio,1102,San Emidio
San Felipe,339,San Felipe
San Felipe (proxy),2423,San Felipe (proxy)
San Francisco,2424,San Francisco
San Francisco Mountains (west),2768,San Francisco Mountains (west)
San Gabriel,242,San Gabriel
San Gabriel (extension),243,San Gabriel (extension)
San Gorgonio Pass,244,San Gorgonio Pass
San Gregorio (north),245,San Gregorio (north)
San Gregorio (south),246,San Gregorio (south)
San Jacinto (Anza),804,San Jacinto (Anza)
San Jacinto (Borrego),801,San Jacinto (Borrego)
San Jacinto (Clark),803,San Jacinto (Clark)
San Jacinto (Coyote Creek),802,San Jacinto (Coyote Creek)
San Jacinto (San Bernardino),807,San Jacinto (San Bernardino)
San Jacinto (San Jacinto Valley),806,San Jacinto (San Jacinto Valley)
San Jacinto (Superstition Mountain),800,San Jacinto (Superstition Mountain)
San Jacinto (stepover),805,San Jacinto (stepover)
San Joaquin Hills,247,San Joaquin Hills
San Jose,248,San Jose
San Juan,249,San Juan
San Luis Bay,250,San Luis Bay
San Luis Range (Oceano),251,San Luis Range (Oceano)
San Luis Range (Pecho),252,San Luis Range (Pecho)
San Luis Range (extended),253,San Luis Range (extended)
San Mateo,340,San Mateo
San Mateo Mountains (unnamed),2487,San Mateo Mountains (unnamed)
San Pedro Basin,255,San Pedro Basin
San Pedro Escarpment,256,San Pedro Escarpment
San Vicente,257,San Vicente
Sand Springs Range,1101,Sand Springs Range
Sandia,2482,Sandia
Sandy Point,2839,Sandy Point
"Sangre de Cristo (Crestone, Blanca, Zapata, San Luis)",2101,"Sangre de Cristo (Crestone, Blanca, Zapata, San Luis)"
Sangre de Cristo (San Luis),2194,Sangre de Cristo (San Luis)
Sangre de Cristo (south),2427,Sangre de Cristo (south)
Santa Clara,2483,Santa Clara
Santa Cruz - San Clemente,341,Santa Cruz - San Clemente
Santa Cruz Island,260,Santa Cruz Island
Santa Monica,262,Santa Monica
Santa Monica Bay,261,Santa Monica Bay
Santa Rita (north),2052,Santa Rita (north)
Santa Rita (south),2053,Santa Rita (south)
Santa Rosa Island,264,Santa Rosa Island
Santa Rosa Range (center),2572,Santa Rosa Range (center)
Santa Rosa Range (north),2531,Santa Rosa Range (north)
Santa Rosa Range (south),2573,Santa Rosa Range (south)
Santa Susana,266,Santa Susana
"Santa Susana (east, connector)",265,"Santa Susana (east, connector)"
Santa Ynez (east),268,Santa Ynez (east)
Santa Ynez (west),269,Santa Ynez (west)
Santa Ynez River,270,Santa Ynez River
Sargent,271,Sargent
Sawatch (south),2102,Sawatch (south)
Sawtooth,2207,Sawtooth
Sawyer Canyon,2425,Sawyer Canyon
Schell Creek Range,1103,Schell Creek Range
Scipio - Maple Grove - Pavant Range - Red Canyon,2769,Scipio - Maple Grove - Pavant Range - Red Canyon
Scodie Lineament (seismicity),272,Scodie Lineament (seismicity)
Seattle (east),2842,Seattle (east)
Seattle (middle),2881,Seattle (middle)
Seattle (north),2882,Seattle (north)
Seattle (south),2880,Seattle (south)
Selenite Range,1104,Selenite Range
Seligman,2054,Seligman
Seven Troughs Range,1105,Seven Troughs Range
Sevier - Toroweap,2006,Sevier - Toroweap
Sevier - Toroweap (north),2711,Sevier - Toroweap (north)
Sheep Basin,1106,Sheep Basin
Sheep Creek Range (southeast),1226,Sheep Creek Range (southeast)
Sheep Creek Range (west),1107,Sheep Creek Range (west)
Sheep Range,1219,Sheep Range
Sheep Range - East Desert Range,1220,Sheep Range - East Desert Range
Sheephole,273,Sheephole
Sheeprock,2770,Sheeprock
Shirt Creek,2228,Shirt Creek
Shoreline,274,Shoreline
Shoshone Range,1108,Shoshone Range
Sierra Madre,275,Sierra Madre
Sierra Madre (San Fernando),276,Sierra Madre (San Fernando)
Sierra Nevada (north),277,Sierra Nevada (north)
Sierra Nevada (south),278,Sierra Nevada (south)
Sierra Palomas,2485,Sierra Palomas
Sierra de las Uvas,2484,Sierra de las Uvas
Silver Creek,279,Silver Creek
Silver King Pass,1221,Silver King Pass
Silver Lake,342,Silver Lake
Simi - Santa Rosa,280,Simi - Santa Rosa
Simpson Park Mountains,1109,Simpson Park Mountains
Singatse Range,1110,Singatse Range
Sisar,281,Sisar
Six-mile Flat,1222,Six-mile Flat
Skinner Flat,282,Skinner Flat
Sky Lakes,2532,Sky Lakes
Slinkard Valley,343,Slinkard Valley
Smith Valley (north),1111,Smith Valley (north)
Smith Valley (south),1223,Smith Valley (south)
Snake Valley (north),2771,Snake Valley (north)
Snake Valley (south),1224,Snake Valley (south)
Socorro Canyon,2426,Socorro Canyon
Sonora Basin,344,Sonora Basin
South Granite Mountains,2922,South Granite Mountains
South Mono (proxy),350,South Mono (proxy)
South Napa,354,South Napa
South Slough,2534,South Slough
Southampton,346,Southampton
Southeast Fish Creek Mountains,1225,Southeast Fish Creek Mountains
Southeast Newberry,2533,Southeast Newberry
Southern Huntington Valley,1227,Southern Huntington Valley
Southern Oquirrh Mountains,2772,Southern Oquirrh Mountains
Southern Snake Range,1228,Southern Snake Range
Southern Spring Valley,1229,Southern Spring Valley
Southern Whidbey Island (middle),2891,Southern Whidbey Island (middle)
Southern Whidbey Island (north),2892,Southern Whidbey Island (north)
Southern Whidbey Island (south),2890,Southern Whidbey Island (south)
Southwest Newberry,2576,Southwest Newberry
Southwest Reese River Valley,1112,Southwest Reese River Valley
Spanish Springs Peak,1113,Spanish Springs Peak
Spanish Springs Valley,1114,Spanish Springs Valley
Spencer Canyon,2843,Spencer Canyon
Spokane Hills,2330,Spokane Hills
Spotted Range,1230,Spotted Range
Spruce Mountain Ridge,1115,Spruce Mountain Ridge
Squaw Creek,2208,Squaw Creek
Stagner Creek,2923,Stagner Creek
Stansbury,2712,Stansbury
Steens (center),2535,Steens (center)
Steens (north),2574,Steens (north)
Steens (south),2575,Steens (south)
Steptoe (center),1146,Steptoe (center)
Steptoe Valley (east),1156,Steptoe Valley (east)
Steptoe Valley (west),1232,Steptoe Valley (west)
Stone Cabin Valley (center),1147,Stone Cabin Valley (center)
Stone Cabin Valley (east),1157,Stone Cabin Valley (east)
Stonewall Anticline,2808,Stonewall Anticline
Strawberry,2713,Strawberry
Strawberry Point,2809,Strawberry Point
Sugarloaf,2057,Sugarloaf
Sumpter Valley,2577,Sumpter Valley
Sunshine,2058,Sunshine
Sunshine Valley,2486,Sunshine Valley
Superstition Hills,283,Superstition Hills
Surprise Valley,284,Surprise Valley
Surpur Creek,347,Surpur Creek
"Susanville - Eagle Lake (unnamed, proxy)",351,"Susanville - Eagle Lake (unnamed, proxy)"
Swain Ravine - Spenceville,285,Swain Ravine - Spenceville
Sweetwater,2312,Sweetwater
Swisshelm (north),2044,Swisshelm (north)
Swisshelm (south),2055,Swisshelm (south)
Sylvain - Oatfield,2578,Sylvain - Oatfield
Table Bluff,286,Table Bluff
Tacoma,2810,Tacoma
Tank Canyon,287,Tank Canyon
Teels Marsh (unnamed),1118,Teels Marsh (unnamed)
Terraced Hills,1233,Terraced Hills
Teton,2907,Teton
The Cove,1234,The Cove
The Lava Beds (east),1116,The Lava Beds (east)
The Lava Beds (west),1253,The Lava Beds (west)
Thompson Valley,2313,Thompson Valley
Thousand Lake,2773,Thousand Lake
Thousand Springs Valley,1235,Thousand Springs Valley
Tijeras - Canoncito,2428,Tijeras - Canoncito
Tikaboo,1236,Tikaboo
Tin Mountain,289,Tin Mountain
Toiyabe Range,1117,Toiyabe Range
Topliff Hill,2774,Topliff Hill
Toppenish Ridge (Mill Creek thrust),2844,Toppenish Ridge (Mill Creek thrust)
Toquima Range,1237,Toquima Range
Towne Pass,290,Towne Pass
Trinidad,291,Trinidad
Trinity Range (unnamed),1262,Trinity Range (unnamed)
Tule Springs Rims,2536,Tule Springs Rims
Turner - Mill Creek,2537,Turner - Mill Creek
Tuscarora,1238,Tuscarora
Twin Lakes - Multorpor Mountain Graben,2579,Twin Lakes - Multorpor Mountain Graben
Uhtanum Ridge - Gable Mountain,2845,Uhtanum Ridge - Gable Mountain
Uinkaret volcanic field,2059,Uinkaret volcanic field
Upper Yellowstone Valley (east),2924,Upper Yellowstone Valley (east)
Upper Yellowstone Valley (west),2908,Upper Yellowstone Valley (west)
Utah Lakes,2775,Utah Lakes
Utsalady Point (east),2811,Utsalady Point (east)
Utsalady Point (west),2847,Utsalady Point (west)
Vendome,2331,Vendome
Verde,2060,Verde
Verdugo,293,Verdugo
Vernon,2061,Vernon
Very Large Array (east),2491,Very Large Array (east)
Very Large Array (west),2492,Very Large Array (west)
Villa Grove,2196,Villa Grove
Volcanic Hills (unnamed),1263,Volcanic Hills (unnamed)
Wah Wah Mountains (south),2776,Wah Wah Mountains (south)
Wahmonie,1273,Wahmonie
Waldport,2538,Waldport
Walker Spring,294,Walker Spring
Wallula (northeast),2806,Wallula (northeast)
Wallula (southwest),2581,Wallula (southwest)
Walnut Creek,352,Walnut Creek
Ward Tank - Sierro Kemado - Hackler Tank,2493,Ward Tank - Sierro Kemado - Hackler Tank
Warm Springs,2582,Warm Springs
Warm Springs Valley,1119,Warm Springs Valley
"Warner Valley (east, Coleman Valley)",1274,"Warner Valley (east, Coleman Valley)"
"Warner Valley (east, center)",2584,"Warner Valley (east, center)"
"Warner Valley (east, north)",2583,"Warner Valley (east, north)"
"Warner Valley (west, Coleman Valley)",1275,"Warner Valley (west, Coleman Valley)"
"Warner Valley (west, north)",2541,"Warner Valley (west, north)"
Warwick,2848,Warwick
Wasatch (Brigham City),2780,Wasatch (Brigham City)
Wasatch (Clarkston Mountain),2778,Wasatch (Clarkston Mountain)
Wasatch (Collinston),2789,Wasatch (Collinston)
Wasatch (East Bench),2782,Wasatch (East Bench)
Wasatch (Fayette),2786,Wasatch (Fayette)
Wasatch (Foothills),2791,Wasatch (Foothills)
Wasatch (Levan),2785,Wasatch (Levan)
Wasatch (Malad City),2229,Wasatch (Malad City)
"Wasatch (Nephi, north)",2787,"Wasatch (Nephi, north)"
"Wasatch (Nephi, south)",2784,"Wasatch (Nephi, south)"
"Wasatch (Provo, north)",2783,"Wasatch (Provo, north)"
"Wasatch (Provo, south)",2790,"Wasatch (Provo, south)"
"Wasatch (Salt Lake City, north)",2792,"Wasatch (Salt Lake City, north)"
"Wasatch (Salt Lake City, south)",2793,"Wasatch (Salt Lake City, south)"
Wasatch (Virginia Street),2788,Wasatch (Virginia Street)
Wasatch (Weber),2781,Wasatch (Weber)
Washburn Ranch,2494,Washburn Ranch
Washington (Fort Pearce),2777,Washington (Fort Pearce)
Wassuk Range,1120,Wassuk Range
Wecoma,2542,Wecoma
Wellington Hills (unnamed),1272,Wellington Hills (unnamed)
West Baker Valley (center),2586,West Baker Valley (center)
West Baker Valley (southeast),2587,West Baker Valley (southeast)
West Cache (Clarkston),2714,West Cache (Clarkston)
West Cache (Junction Hills),2716,West Cache (Junction Hills)
West Cache (Wellsville),2715,West Cache (Wellsville)
West Delaware Mountains,2608,West Delaware Mountains
West Dry Lake,1276,West Dry Lake
West Eagle Mountains - Red Hills,2609,West Eagle Mountains - Red Hills
West Florida Mountains,2495,West Florida Mountains
West Gate,1126,West Gate
West Grand Ronde Valley,2588,West Grand Ronde Valley
West Indio Mountains,2610,West Indio Mountains
West Lobo Valley,2611,West Lobo Valley
West Napa,295,West Napa
West Pocatello Valley,2230,West Pocatello Valley
West Specter Range,1278,West Specter Range
West Spring Mountains,1127,West Spring Mountains
West Tahoe,296,West Tahoe
West Tracy,353,West Tracy
West Valley,2717,West Valley
Western Bear Lake,2231,Western Bear Lake
Western Bull Run Mountains,1280,Western Bull Run Mountains
Western Fairview Peak,1281,Western Fairview Peak
Western Granite Range,1122,Western Granite Range
Western Humboldt Range,1123,Western Humboldt Range
Western Reveille Range,1282,Western Reveille Range
Western Roberts Mountains,1283,Western Roberts Mountains
Western Tecoma Valley,1284,Western Tecoma Valley
Western Toiyabe Range,1125,Western Toiyabe Range
Whaleshead,2543,Whaleshead
Wheeler Peak,1285,Wheeler Peak
White Branch,2590,White Branch
White Mountains,297,White Mountains
White River Valley,1128,White River Valley
White River Valley (unnamed),1264,White River Valley (unnamed)
White Wolf,298,White Wolf
White Wolf (extension),299,White Wolf (extension)
Whittier,300,Whittier
Wildcat Wash,1287,Wildcat Wash
Willapa Bay (north),2849,Willapa Bay (north)
Willapa Bay (south),2850,Willapa Bay (south)
Williams Fork Mountains,2103,Williams Fork Mountains
Winter Rim,2544,Winter Rim
Yaquina,2545,Yaquina
Yorba Linda,303,Yorba Linda
Yucca - Boundary,1288,Yucca - Boundary
Yucca Mountains (east),1289,Yucca Mountains (east)
Yucca Mountains (west),1290,Yucca Mountains (west)
Zayante - Vergeles,304,Zayante - Vergeles
Zia,2429,Zia
